﻿{
  "DataLocale": "en-US",
  "OutputErrorPolicy": "Drop",
  "EventsLateArrivalMaxDelayInSeconds": 5,
  "EventsOutOfOrderMaxDelayInSeconds": 0,
  "EventsOutOfOrderPolicy": "Adjust",
  "StreamingUnits": 3,
  "CompatibilityLevel": "1.2",
  "UseSystemAssignedIdentity": false,
  "GlobalStorageAccountName": "iotdemoraw",
  "GlobalStorageAccountKey": null,
  "AccountName": "iotdemoraw",
  "AccountKey": null,
  "ContainerName": "deserializer",
  "Path": "UserCustomCode.zip",
  "UploadFromLocal": true,
  "DataSourceCredentialDomain": "868b73d1-473e-4569-bc39-ebe8786b6bdf.StreamAnalyticsCredential",
  "Tags": {},
  "ScriptType": "JobConfig"
}