﻿{
  "EventHubProperties": {
    "EventHubName": "eh06",
    "PartitionKey": null,
    "ServiceBusNamespace": "mma-demo-eventhubs",
    "SharedAccessPolicyKey": null,
    "SharedAccessPolicyName": "RootManageSharedAccessKey",
    "PropertyColumns": []
  },
  "BlobStorageProperties": null,
  "SQLDatabaseProperties": null,
  "TableStorageProperties": null,
  "ServiceBusQueueProperties": null,
  "ServiceBusTopicProperties": null,
  "DocumentDbProperties": null,
  "PowellBIProperties": null,
  "AzureDataLakeStoreProperties": null,
  "AzureFunctionProperties": null,
  "DataSourceCredentialDomain": "ae14afae-e99c-4e6c-b876-f48bd9068fd3.StreamAnalyticsCredential",
  "Name": "Output",
  "DataSourceType": "Event Hub",
  "Serialization": {
    "Encoding": "UTF8",
    "Type": "Json",
    "FieldDelimiter": null,
    "Format": "LineSeparated",
    "SerializationDllPath": null,
    "SerializationClassName": null,
    "SerializationDllPathInLocal": null
  },
  "MinimumRows": null,
  "MaximumTime": null,
  "ScriptType": "Output"
}