﻿{
  "Sample": "{\"class\": \"TPV\", \"device\": \"/dev/ttyS1\", \"mode\": 3, \"time\": \"2020-03-31T13:32:11.299Z\", \"lat\":60.6217844009501, \"lon\": 24.2968395945136, \"altMSL\": 34.7425511561998, \"eph\": 3.12856151868057E-05, \"epv\": 1.52905172273938, \"eps\": 0.289452020213684, \"track\": 324.886453520919, \"speed\": 48.2151270872984, \"climb\": -0.316244284769634, \"pDOP\": 1.46968553702798}",
  "EventHubProperties": null,
  "BlobStorageProperties": null,
  "IoTHubProperties": {
    "ConsumerGroupName": "sa",
    "IotHubNamespace": "mma-demo-iothub",
    "SharedAccessPolicyKey": null,
    "SharedAccessPolicyName": "xxx",
    "EndPoint": "messages/events"
  },
  "BlobReferenceProperties": null,
  "SqlReferenceInputInfo": null,
  "InputPartionKey": null,
  "DataSourceCredentialDomain": "5cfd2bd6-178f-4527-a06b-4b1ca3b3a169.StreamAnalyticsCredential",
  "Name": "Input",
  "Type": "Data Stream",
  "DataSourceType": "IoT Hub",
  "Serialization": {
    "Encoding": null,
    "Type": "CustomClr",
    "FieldDelimiter": null,
    "Format": null,
    "SerializationDllPath": "ASADeserializer.dll",
    "SerializationClassName": "ASADeserializer.MessageBodyDeserializer",
    "SerializationDllPathInLocal": "..\\..\\ASADeserializer\\bin\\Debug\\netstandard2.0\\ASADeserializer.dll"
  },
  "CompresssionType": "None",
  "ScriptType": "Input"
}